employee_id,meeting_hours,focus_hours,remote_share,performance,job_satisfaction
E0001,9.427396117866671,34.20337881459473,0.5499070762268489,81.96765462521479,8.834912585375472
E0002,4.588254571509778,33.65662880508704,0.783377719743357,87.32169517363438,6.6307282361245585
E0003,6.907821028343348,26.488769736060533,0.8671325127358794,82.27293639010794,7.555486954665103
E0004,7.582156512402602,36.469686655854616,0.9559539242299304,87.14550499130108,7.549066913191919
E0005,7.010670807852497,27.66629306934764,0.6123138401759479,80.97469161100791,6.921644271639103
E0006,5.73468870977129,30.369298343596242,0.6349144434372894,81.59478865233102,6.5012613440039955
E0007,9.778804993597348,28.522104413459004,0.6794178605239879,85.37658626273173,7.497567219993399
E0008,5.763352403967256,29.5717743981576,0.6445944217922808,88.95060545743014,8.155511882812968
E0009,11.046059284692603,30.658675620755243,0.6854256276857509,73.27523151377571,8.976842278976553
E0010,5.843214752368947,30.417063352989523,0.7314622032323497,81.76558732608073,5.590847211720787
E0011,9.262174135558713,29.91217607196409,0.6298777949260015,81.50326473125003,6.79756052668759
E0012,11.716613481752766,30.378254547797113,0.9536972166983151,76.68755542388335,7.188569781988081
E0013,2.527848247219152,28.300976674536663,0.7607774744885547,74.75948447342593,5.836842969332624
E0014,5.303028082956572,28.235240042592338,0.7415891899494419,77.58487632220427,6.74946655820771
E0015,5.666696659015855,24.18615322029816,0.7995619641604594,86.10765404009096,6.722648240818492
E0016,7.589875995175186,28.661831955941636,0.7537415186117965,79.08574140671443,6.777430300140398
E0017,5.289367696459819,28.205724097427698,0.736791196304409,76.50578533346275,5.311165400852932
E0018,0,39.45661850120679,0.8976787423552097,83.14391423640268,7.713418550286554
E0019,0,25.232593190835985,0.7282969789907896,73.34300035423455,6.868077063745169
E0020,9.30028336432548,30.480396764955124,0.6216397795907775,89.3211164336567,9.020491193832163
E0021,5.233403514803814,24.772312264392983,0.7885667890443402,78.60783208646903,8.295955949415083
E0022,1.54672891505,24.85347490497121,0.7148487126470907,83.32390168176465,6.046470434867201
E0023,5.5702066106009465,30.436458351689524,0.6978203906643731,82.35704432102482,7.598395421005839
E0024,9.036686747931498,26.511763027905868,0.643186879931283,81.9983153177949,6.906229015766846
E0025,10.737983653162413,29.99362084993352,0.7928365903266692,94.66567429710005,8.388281168634515
E0026,4.9238271709845005,28.501093915009648,0.7325981765573005,76.22270430023039,7.5530704154986665
E0027,5.356826543077676,27.852149377426766,0.8015667728648029,90.01829316559589,6.942976374155345
E0028,1.5920922870130498,22.913627541033122,0.7265634722694079,82.2210123128727,7.93839703617272
E0029,7.150243387078179,25.71338217374005,0.684149657417823,76.15355936285296,7.652608158642419
E0030,4.400012810099702,30.628307543912783,0.8750236604078717,81.5186544568844,7.335382418250435
E0031,7.138625308103048,31.986672080482375,0.7228236284888603,87.22740180908727,9.519890621475975
E0032,7.762093343072047,28.27492926256284,0.8447951995875196,79.02136885923777,6.970614113682739
E0033,8.587758804924807,30.00022009422873,0.6298417569891062,76.5954243536458,7.029213027015958
E0034,4.477684061481972,33.93011375182988,0.7033883903624497,83.06934874723527,5.954063075982477
E0035,7.262387808244926,35.039495100416666,0.723064860484682,88.92017791625159,7.459473276704823
E0036,1.7074783023166438,26.160101810579626,0.7109034591869139,81.48579165729478,8.390356305470675
E0037,4.038852479051259,29.589381539124382,0.8848707011991713,72.29081412508181,5.428612149070786
E0038,3.8727310145587044,34.205244403218956,0.7477235298701588,72.85326866937245,7.249934879926982
E0039,0,28.355946468017947,0.774422585110345,76.62123272445443,6.318349573346682
E0040,6.090306517230639,29.816356802713514,0.6557628292136077,78.3102431223788,8.941937265016907
E0041,6.514996500500635,29.698624456170187,0.6770782723490425,81.85001054470862,8.857895538878862
E0042,5.097356753628334,26.89312343732749,0.8498068908554849,86.69348649697397,7.83450284734065
E0043,7.895408089248792,28.443605982903417,0.875848166459556,78.95768072999316,8.929338080400226
E0044,4.183237932308562,29.896942923191165,0.8748863688810097,74.20284151681007,6.632682149121315
E0045,2.5792973889517636,28.551459028297266,0.6119362950474669,86.249741964149493,8.450651724971886
E0046,7.082045064721793,33.89685108178871,0.9549960693636395,83.92819878117714,6.914988491366765
E0047,3.971517059533321,28.316525054211063,0.8516872829799542,90.10142948590315,7.820957522525629
E0048,9.610253154303132,28.483908385897447,0.7473282535861742,70.22263398365222,7.200603983335092
E0049,4.921384493466636,32.43901901793236,0.8203607778798261,82.61123362226412,7.221456916706932
E0050,7.6391197085055165,26.30271055390182,0.6528614770848136,91.47353325759867,8.046115158329531
E0051,6.804813163009866,29.857555336970748,0.6403843758441142,87.06921660478358,6.196178846355128
E0052,4.040402647799061,24.569593121783434,0.7549050450937597,76.17213021965051,7.2490855349575405
E0053,9.939318799479944,34.08509342232489,0.630150414344222,87.1276994073789,7.671007373717909
E0054,7.607248264293291,29.042240045190717,0.7690018998559748,75.89651191001951,7.096532521252492
E0055,6.224401616499014,28.36254136364711,0.8797705899604666,78.82621742139145,7.604659440835727
E0056,6.691376868228658,25.666116852048248,0.6466126277035249,90.31273995040354,7.181119213265991
E0057,7.698222040138177,29.972832881779357,0.6761559245786936,79.96898281746944,9.118343935883427
E0058,6.224582216447704,27.19901237716919,0.7546563939450863,87.79982301475806,8.214188601488617
E0059,0,28.132776845173474,0.6482403880173894,79.96140603854582,10
E0060,6.712207383826648,34.50686335954606,0.7116716040113722,70.96546316676466,6.704922395440789
E0061,5.081913393147562,29.385659454152552,0.8372755411671399,76.05829012135754,8.314365914679913
E0062,6.463076412164023,26.248761655472634,0.8469545013970117,74.38036096629963,9.598030810130373
E0063,7.454559318413766,30.571224088635837,0.7883846665027094,78.60996600217979,7.80098005515257
E0064,9.499342068231694,28.730415545302176,0.5648444336932535,79.64582153693298,6.416924858160769
E0065,4.181769851313837,32.06504741795568,0.7446003263173834,80.92649476536849,6.493677498196716
E0066,9.25635658011036,35.01347674705846,0.8564773214338284,80.29726939997607,7.464585435082388
E0067,6.8396202993801865,26.525576211116775,0.8313195037411605,95.24541429120077,8.809124360853415
E0068,8.596265246744053,31.59127604153099,0.7309183525895718,72.29801163900206,8.250400486646718
E0069,8.301821420726615,30.297143205374706,0.4800070191436297,79.09622989504554,5.36163167238758
E0070,7.802195407167156,33.134479537925905,0.7560966638801117,84.44357069674781,6.799645891133366
E0071,3.3922026535803624,29.195776513688067,0.8073751697483578,93.39909586070785,7.490943524707014
E0072,5.774534033473233,32.928166739612145,0.7545803579725099,82.61965326999531,6.041866512755232
E0073,7.558795404998859,23.892304485321574,0.7657412540175875,90.67405495880394,8.19452964649487
E0074,3.61619160556914,35.91310622459681,0.7931565372868771,70.48811124972406,5.0386645248135125
E0075,4.642927963565358,33.026722924815026,0.7103450263949788,92.12449567764935,7.643289764040456
E0076,7.452491244204206,29.472284038899883,0.8809978225751549,77.16607879834372,7.108777880872943
E0077,7.920446844586477,24.928475044512915,0.7970393399873943,80.06498240182303,7.008835914385925
E0078,7.1594189713504175,32.25053045014693,0.6257329729425398,74.23406868070394,7.216352547547949
E0079,3.7855592564758016,31.691178523351688,0.8881575456385533,82.93708521500616,7.814794804707843
E0080,3.250547753380361,29.97775530752514,0.8704458937009825,94.49737336212087,7.896326577938989
E0081,9.78176752451232,30.530095625018486,0.8324073963681882,98.95514348676113,7.27439628896404
E0082,6.644803593830077,27.955618603775687,0.5837370597814405,74.46219768517112,5.57504956965944
E0083,6.2211005728989655,31.290823564205848,0.6930693656394519,85.4015877728217,6.06077070167802
E0084,5.697758656152276,31.031290189018303,0.8135513817289526,91.71965217121004,6.0303422260275985
E0085,3.0141777620986794,29.022592193300987,0.7543722007577858,80.6304022790082,8.261863446891931
E0086,7.529992245100967,25.32317170787396,0.7848012303661307,80.47277641605652,7.25638501812872
E0087,5.457150385633698,32.45262086454012,0.9959593548870415,79.86655431817488,7.769676607418008
E0088,5.543108234170195,31.939688177959116,0.668161967560033,86.1848290687801,5.941072479044184
E0089,8.3333658214279,27.07292692519505,0.5386799885070863,91.78200587571031,6.9644119933036865
E0090,8.054432776270623,24.41894143297815,0.7773695272430414,86.81333832867975,8.062451973173495
E0091,9.480290939835678,30.71735503205672,0.6812403158756588,84.24131610007878,7.321673876580082
E0092,4.809565192363315,28.792192077094885,0.7946041052961865,79.88691051955918,7.384864013797349
E0093,7.625871401815763,30.884140961775593,0.6687615276209402,85.48844079890564,7.427938527893634
E0094,9.477776140975001,25.470991370804065,0.9712055480335136,78.15324157458271,8.710909806926303
E0095,3.223027801380253,26.64290344466873,0.737629402842257,80.0452044745393,6.885103099200297
E0096,3.8480185328053946,33.80021198787965,0.7022664493969948,89.67559410178212,8.1761264583147
E0097,3.170653297865575,31.413212166504998,0.7333738508513392,85.09409161725168,8.398599605537552
E0098,2.3519650012440105,32.05270637851754,0.8362563383626431,83.68711405818279,6.31068209647898
E0099,6.1999563831029025,36.35329956153883,0.7597340485202819,80.21074641251137,7.621258849819009
E0100,7.633010849122975,30.45087500010834,0.5874383260788711,88.51723031039418,7.488778313869589
E0101,31.601992517598163,8.884077069457064,0.4630309060797109,70.79772457209668,5.49589836978534
E0102,31.201712037018645,9.178223796262177,0.32016631552645297,67.9745341734931,6.075771780233252
E0103,27.99140306662153,4.997468860997555,0.3615774631647782,71.71908869700417,7.998458743670707
E0104,28.476033433448045,7.022818640529699,0.29792828704379126,75.1166834657857,7.359664535276727
E0105,25.479462592699065,4.974953583713472,0.6114401440941878,80.80344135450858,6.650502711839533
E0106,27.306564844820745,6.093705553898701,0,79.32676047678946,6.680338989347418
E0107,24.397769178831044,4.370477936037973,0.3597065887038936,75.15399482658407,7.6303901765001045
E0108,24.615654364515844,4.65060859804193,0.3632165365540665,69.14749969403103,6.553807546218037
E0109,23.727154188783167,9.889643487727806,0.3756137991575183,85.0186186745773,6.8824506880339165
E0110,30.926726963806928,7.182435289464124,0.16306164648412133,83.33025297158763,4.989449717635
E0111,31.902401294733913,7.223476494863987,0.3759453855509309,70.20496325820511,8.751410301670525
E0112,26.55469301475518,13.18867453967448,0.3725196580431728,81.49423270059793,7.642564707574232
E0113,24.048579106976092,7.8248235037778855,0.501034655025632,79.6006863331569,7.71551662731183
E0114,27.69224033878032,6.388808646173244,0.4128221337090757,84.3617728488403,4.703996725279568
E0115,35.846662926594185,10.24186008849722,0.483854513297595,77.19703227549951,6.777079656186144
E0116,35.14459609762671,6.538226493830801,0.23509973093954364,66.87146277439446,6.35017269630696
E0117,21.980698821474917,12.118723344438514,0.33507133041734816,82.41999521935726,5.285975062765524
E0118,26.750826703571644,6.866982918061338,0.3730085394859961,70.17026775224443,7.600173411832581
E0119,33.366481722568025,6.151542157644817,0.3826660700724016,80.21767428582784,8.157543859360803
E0120,27.86614566186417,4.495624846775943,0.26674226435920945,89.38783017769848,6.191453153534786
E0121,33.59094634814249,8.985921075773257,0.5275006305022559,64.64937583783335,6.547890804278392
E0122,26.83245112341541,12.399531882320495,0.27658795740286746,88.49528640935114,8.682608187814498
E0123,30.117450733703823,6.931971364733262,0.1562828030768779,86.82528807134462,4.985211306373284
E0124,28.78484433737588,8.784402925632293,0.39829881327088046,71.77042578646754,7.6186428639816
E0125,39.3017432341802,8.999986565527193,0.4297466536747381,73.98981779616577,6.454576543620993
E0126,31.22158398370382,12.266579720928627,0.4632952485193924,70.51321850966002,6.673158074455101
E0127,23.777113257744276,9.991629801998517,0.23644870427500536,71.43705878196702,6.127928222950646
E0128,25.886415907928562,4.779034532914069,0.3202053860913324,80.63705105236926,8.006364916920948
E0129,29.295823496177217,5.90929467599978,0.1905876237753107,68.80832795798308,5.560115627807866
E0130,21.346497736621377,5.761608629196316,0.45137164905187005,74.47736089669773,7.858870441682126
E0131,21.684565192628654,8.424718616396659,0.3917236078926377,74.84877298122831,8.347110417855077
E0132,24.073620877756735,7.9881583378080405,0.4596515103717328,75.22741878969956,4.99418554021033
E0133,26.78224637704301,9.103812503275297,0.42299294640568175,77.45157372577886,5.5604053881958455
E0134,32.33615752021193,6.027971255908259,0.2770942414634615,88.77259367349052,7.4507000285526654
E0135,27.040308523017025,6.8709599895168445,0.3715589685046213,72.38934608085233,5.748059968543471
E0136,28.568332504453675,10.224080181275253,0.12099086966991474,69.64095820159345,6.039317125018967
E0137,27.77387581586428,7.701179730654589,0.41035355092269143,82.33827479721835,6.310111955913503
E0138,25.531670160412002,6.037130364178716,0.4662678984174199,79.04377839808822,6.421067348840776
E0139,32.76769044062846,10.913493122183812,0.24491154490720068,77.88630386393963,7.574068003770734
E0140,24.16220384170839,8.04048893470516,0.09367705535623938,80.72790610816328,6.136693658726315
E0141,27.20048268508588,5.250395998935366,0.16726069020979842,64.70455838336889,6.8982854536561495
E0142,26.782601717864058,13.12906568378491,0.21642581505367148,84.50636633832892,7.611244100941895
E0143,29.862450168273565,4.495697030160033,0.49891806746430756,79.63134303118073,5.105582610971052
E0144,33.625320967914156,2.6568912195424286,0.3504178322075588,83.6105038161583,6.04140447808631
E0145,29.798350841408077,1.2406026542953486,0.20146464968083208,71.21185829278787,7.745772806230374
E0146,32.8383060620056,9.953377908640098,0.416683894267763,61.2644795972309,6.38582828525665
E0147,30.67083966992466,6.4015021231916975,0.08802207807681234,72.12328373481652,4.011408182664248
E0148,25.81395409378061,7.1733219290831505,0.3203570651483302,68.74522547981283,5.8564098485210705
E0149,28.285403301501454,8.868880917887136,0.4835428313103734,93.78209957923502,7.697629047618779
E0150,32.81627688977669,6.600547814627708,0.30899921155890964,72.69226738899056,6.330752199851647
E0151,22.535569748450357,3.1758194751659374,0.506652601056928,74.27460922636284,6.354899475954152
E0152,29.136697312081445,2.150648611874037,0.5654388645728952,84.50382816056921,6.63965385331128
E0153,27.45123389066717,6.977900245307058,0.20985977270318626,80.96277221264195,7.591413004874107
E0154,31.072243512570232,8.52417658199396,0.21172548500215793,81.384533215032,6.259800172558741
E0155,30.625583013132236,1.1666673176683133,0.2402653436785221,97.06967650358663,7.323554282260349
E0156,29.053686913449905,8.871573442841251,0.4134473639040355,77.32891518938376,7.430469034857942
E0157,33.22483891030259,9.266919072420842,0.45020947124582983,91.24140430027408,5.679254464512787
E0158,22.660771699406048,11.884212089620144,0.4950964368909837,78.02974721050467,6.731940542119997
E0159,31.187511454701074,8.494142055721863,0.5059367054432978,64.32782426196562,6.2078643882351034
E0160,22.471637902498614,8.614861522400705,0.4790878765051872,58.18201406975717,7.25865019872184
E0161,30.057006899915034,9.813810880177417,0.46277612282171565,81.1974684093418,5.140895678256732
E0162,28.313748036002536,7.942577692493206,0.36960496320881187,68.00600108185154,8.493086920544219
E0163,31.385415799324438,7.760856957863574,0.24342337296315297,76.3357790694105,8.280619897455596
E0164,28.275843235201883,8.347953393208414,0.2628606820692379,90.21634960032031,5.872858644748322
E0165,22.509550572298686,10.232520092145162,0.3989116406736486,78.77746141869765,6.063138349411576
E0166,20.972618855943683,6.706128189416923,0.5520243607102151,73.7032204308017,5.800663807039265
E0167,29.89340733483567,6.501413144266297,0.5547175788277535,60.60338678312711,6.649805294022536
E0168,27.74318190662051,5.404513769732866,0.11885999590087026,69.5948071252807,6.248858240379624
E0169,26.00143562254672,5.126728150184379,0.24992023817258424,71.39505623418701,6.92390229149804
E0170,26.911260390512258,8.980399914015912,0.5202959019599827,81.47364586136285,4.737260680596299
E0171,25.650047265145222,12.642116677055526,0.22230683419769132,79.8676587809371,6.974401385904146
E0172,27.449308417716573,5.093421293406708,0.15637070330234626,76.11170726965904,6.817118938390404
E0173,24.740432251500458,7.434678721221611,0.42197733064369125,77.44194987700097,5.039336192613853
E0174,21.05946682185454,4.909996515632244,0.557955764646446,73.695014013532,7.103570398086952
E0175,27.231400685127177,10.724259325581489,0.5821405474949279,76.24181778312183,6.860447903857998
E0176,31.658465543118382,7.047854405875615,0.4139384690804952,78.17339286823588,6.5463693098330165
E0177,34.57065348204885,8.537011899621266,0.43635989072237413,79.59326741930741,6.785462080335719
E0178,28.009121685850083,9.044084563187532,0.417211206290622,90.62102126744311,7.2234441156245595
E0179,27.71765522851792,4.8371629361766795,0.3478295682008039,67.1038103129295,7.18139608870137
E0180,31.370437984339546,7.685767135667896,0,87.79845945266969,6.32522596336351
E0181,28.18749855791281,7.314972148716412,0.44128438937117054,81.37209968115513,8.065195843261574
E0182,26.47785556881487,10.026066687282617,0.30305277773081474,63.637371650284535,6.759814587823333
E0183,21.91945960630192,4.300265919481072,0.471188146857422,73.78362217607116,6.650618436089779
E0184,23.57706540076148,4.400115366731663,0.2747632223511501,70.96525606422416,7.839079850208975
E0185,29.422079792242457,10.297599729848322,0.15385071565977626,68.53599638704199,7.89124549783707
E0186,22.891211112770847,6.235706416151069,0.499429118243658,63.69690812617393,6.0292632695342085
E0187,31.669600795541445,6.019112510073272,0.3717652935866484,72.04718360320044,5.709835460981946
E0188,23.287493111924288,8.33904056659203,0.7694365116782718,72.51711987783843,6.023820142075299
E0189,27.32250304660277,7.0388036009418835,0.4598710295992295,73.41164258975819,5.506646517338961
E0190,27.991824150102133,13.599144490816363,0.4758207820911492,59.51109104867052,4.840683353085647
E0191,27.955095931464843,8.778594367303397,0.44165899243218265,79.53202044076436,7.14166827402223
E0192,28.53181562694539,8.48468021275421,0.27759351477687205,81.97080997253093,6.640378602955626
E0193,30.094788959903777,10.793224728006063,0.30554844047566687,82.31714299059749,7.506804729061703
E0194,27.558256469456023,7.820159752221136,0.47717911260003754,82.16592405631636,6.798174701468565
E0195,27.130125519536286,8.14621910023235,0.4766132635807266,77.60405054264294,7.250079258285086
E0196,28.561145882166176,4.781373797798109,0.41995665933443826,87.74680025342201,6.254336037958837
E0197,26.482253204409556,1.1210857085579828,0.2316119077352553,68.98835612847398,5.743881245208717
E0198,33.380943466850944,4.378379449806973,0.5521546174092777,66.18716245023111,7.6559454470274755
E0199,20.404136981843727,8.342328289391574,0.1859790745180844,78.7027033597966,7.637232677960625
E0200,31.594516167520005,4.900108762683869,0.2980142781666663,79.5265926980332,4.892916597728442
E0201,27.130309733835237,10.06642325702619,0.6290070192458155,70.02786838610585,7.765024117009433
E0202,29.478121350413375,10.17524905302459,0.412894661738131,76.2928489634554,4.849291417172935
E0203,31.45678652773886,8.652140632817265,0.46648800996903084,78.58647699362439,6.74974394325773
E0204,30.92448860212258,7.395029805144866,0.3952368076583137,79.03740825921273,6.365640520617447
E0205,25.68817349334003,3.902930418233952,0.23048799241494122,83.0124519663629,6.65913810693688
E0206,33.47424322652142,7.073187173968521,0.27830205043423456,83.46710390055709,8.005861505075279
E0207,22.319584226479584,6.641291340388319,0.3698301707696182,56.569539818540655,5.419260353318105
E0208,31.023637307176458,9.989687433559377,0,89.82395218736931,6.507967935907115
E0209,26.2093902929733,11.92588861024609,0.2482502928105741,79.64802117021769,9.608632739044282
E0210,21.289222410941093,9.503120929683494,0.4458301414668135,71.43711723403479,5.1738630634544265
E0211,21.46965152983018,4.615134394407899,0.3141852814441737,67.08300478257625,6.110753674946205
E0212,28.85812672203891,13.012991916194498,0.31596663476655545,83.24051412451117,6.75484277542447
E0213,35.78237005667823,11.031059097356371,0.45434231679785164,78.62476812387307,7.019948541815682
E0214,28.95681622450563,8.670563647623375,0.2846773658361228,84.62471968038258,6.213363839419886
E0215,31.95774678084899,1.3805462203711336,0.42545638824531234,75.51747557037999,6.507364450547588
E0216,30.935342809210347,5.136243144340526,0.179319865046553,74.051849904295,7.992562595530535
E0217,25.70884652742628,7.79428079836929,0.202698483999886,93.93138048550621,6.601179972412451
E0218,31.338863424677886,10.28391770469581,0.1491073381106682,59.71205623315335,7.076710851316056
E0219,29.235330129212628,4.46028740012513,0.3601278178693854,79.12731572066271,7.206496458670382
E0220,28.723097524273648,17.633596870301865,0.3252649203235519,79.07850674319722,7.247737685328743
E0221,31.503896320085868,0.33852544714751787,0.523024596833847,79.50956479633118,7.341755521170359
E0222,30.616081970740968,7.2921981519978045,0.34498614759375623,80.46512721637257,6.860095836957538
E0223,25.806988071469014,7.2213120702156965,0.5124505373316535,73.78874893618043,6.020458516221898
E0224,29.3832829007785,6.009899250142421,0.5834270331107401,85.33030463185786,6.735902172312097
E0225,24.87741216084048,7.043027867521554,0.291087411955023,56.36578212050091,5.740235995538743
E0226,30.207864435321206,10.227185472716945,0.3966126889933534,69.55546992436346,6.902732626266461
E0227,26.485531858504014,5.377121972642682,0.24861280889768234,75.0468435950398,6.417308753194981
E0228,29.58248525476481,1.7515587010901648,0.4385588441445307,77.30572987311035,6.6698321180398965
E0229,29.287996658187208,8.281303708430652,0.22042876024593652,79.25183606210334,5.59099994710759
E0230,27.05364378618332,7.994540563991613,0.22682313485076486,81.11471996515448,6.488615946335545
E0231,29.629294161995425,7.960698042885278,0.384655203389465,63.9318589010212,5.6012918598698285
E0232,30.010246789694392,10.003904223674313,0.36089735831446096,76.06136483517622,6.353767901490151
E0233,27.192550034449063,7.960496891143512,0.3815147812053466,80.19334417600308,7.37959798555754
E0234,32.102848779058576,10.32814109142891,0.35832018953495043,86.61068697256631,7.0644619799530455
E0235,32.87445947356592,1.9677940020942328,0.286562741737181,75.09145812453949,7.788198702974303
E0236,25.683030605016455,4.615458515084597,0.334375740257748,88.79319582717486,7.336764939629024
E0237,25.27920777646245,9.04639871475716,0.5444190493226979,73.74777520857457,6.9231905017172926
E0238,29.79738502618073,6.941304553709228,0.3478525852011835,75.60081488871595,7.898144681849841
E0239,24.803407166855546,10.834323793752867,0.19178127212608487,77.281713018569,8.110888489628763
E0240,26.427016681623947,4.985840442420608,0.24865278073024671,71.98095550075737,5.260673676163916
E0241,30.810264446862664,10.171708197490538,0.21778221530106728,81.72750439020952,7.781362510311449
E0242,25.992831021566136,5.993501777028907,0.24198918283910015,65.23370157469431,7.6557548673748865
E0243,21.251561912530857,4.660879418852601,0.1986699296213025,75.9548514775828,7.836105967981646
E0244,30.32536791837752,6.971584431899165,0.034898131702051416,71.67565960208374,5.800317016468787
E0245,22.391109216720114,8.149337969506218,0.4302878899028688,71.62341007320254,9.449823928923834
E0246,23.258899098911527,4.316954115423393,0.4292049811076932,85.21156309635546,3.9463248082611075
E0247,17.43723562203736,5.707982267517657,0.3199279477530668,84.41775745556728,6.807549341265503
E0248,30.90933237780522,4.261453815146355,0.2631443219655417,88.78421222962126,6.92991733582117
E0249,28.878839810965705,11.050321933279317,0.25253820412047034,73.88962565513233,6.635332940948901
E0250,29.61802713079465,10.170837872176591,0.39784812032220956,76.25920630037533,7.622660616649485
E0251,30.95677278128133,4.90241858868466,0.3771876288655252,63.58733353851273,6.936438287588713
E0252,27.853099664874534,9.672038012368274,0.40059722957038524,72.89456455980381,5.944139778066084
E0253,24.130484330049903,7.233255730701434,0.35058055324689186,90.11318497744104,8.351036636041442
E0254,29.97321478315806,4.65982472855999,0.4242780698115822,72.66777817949024,6.476697010947156
E0255,32.561776645368845,9.263592318844411,0.4017360733383113,66.66929048968488,7.471746509505912
E0256,22.7492267177187,7.031149064460877,0.4169974844224667,76.33515652948084,6.066838912150411
E0257,25.875537677083376,10.640539703574568,0.409515353680641,85.97191304207635,5.634128833902451
E0258,26.97714227020198,7.415409179672295,0.5494262889134934,63.37622956633322,6.133577430921454
E0259,23.48610829836739,11.564164946311333,0.2233958465354596,73.96943622568719,5.6374744370604635
E0260,30.429370470711447,6.470706464696137,0.5309989624136005,79.74264433640491,7.386417119942457
E0261,25.902863339860083,8.658644032619883,0.3098949612013911,91.82023995564678,5.092698123887834
E0262,32.39917325390073,9.110883264093674,0.3422023107417871,71.075153641251,5.723661588160564
E0263,28.18727804769577,8.83732518119182,0.35972978464560834,88.15537280968876,6.829940190675975
E0264,30.548323811851482,8.60582731193997,0.2962142245353391,72.53683845150552,4.912870451303197
E0265,33.46384323873713,7.961010372705967,0.04354316596808411,67.7518583355063,6.24462317085802
E0266,28.929686637590166,7.727404981767529,0.31244809578571825,66.92532401341833,6.464585050990672
E0267,31.768541907225437,12.095094095956524,0.35496597824483567,74.23121499697974,8.28068605896932
E0268,28.73744276087736,10.724391706649499,0.14147263263948567,75.82068240876843,6.516709640123634
E0269,22.709142659621712,6.170335485794283,0.4159927591638056,73.41678537580825,6.2243839692758325
E0270,28.078407909697688,12.189311663658358,0.27832715688880133,84.41778527780433,6.070460421130106
E0271,30.513476721147363,8.434395119925338,0.5237290167243858,77.5163293255616,7.291943143661925
E0272,29.713099562447944,6.078179685214094,0.3817841737117111,75.15337912907302,6.44860391988139
E0273,27.391390789426055,8.5094067786756,0.2553460630661034,71.17956421973827,6.2018432650693915
E0274,23.7380517896606,7.528437537737467,0.37012786648058343,65.63187254990369,6.492359213262636
E0275,30.262394290483115,8.302818783638314,0.3809099729841512,60.32538689034759,7.9717558604036265
E0276,24.792403900782386,5.07981753755516,0.4594456840940371,77.70729384416937,8.52461162406018
E0277,23.61861795151052,5.540524174240404,0.33117531409341594,76.20268696088989,6.0925767131456094
E0278,30.082247014419252,12.088756907076279,0.10599491498634958,86.9201855028795,6.822573923361756
E0279,23.685162671835606,10.884112791593834,0.19404010123057094,78.32875046595885,6.443397095786966
E0280,28.855275452171483,5.348826576796657,0.24712992080851576,82.37774160900872,8.843135624392904
E0281,28.009702648702582,5.299723653691036,0.40115183534434284,76.32789099500529,7.44984039457597
E0282,23.35126609891052,13.169999398390491,0.3158196484298295,69.45340760299288,4.841310610863964
E0283,32.12893744141471,13.7271264863868,0.27627577496361655,78.31712514531542,6.322480430467154
E0284,25.92518250297875,5.668576412434209,0.24861310014110205,78.71829689040892,4.277975317123378
E0285,32.199924107178354,4.0930842121606785,0.3684433948662646,69.46085815389254,6.697738237703305
E0286,26.33738212135753,15.870485500456038,0.24782812690661743,75.77000547817536,7.574360898662681
E0287,25.987300163472142,8.688886743040422,0.30224947124685375,92.00625320889596,5.816061416617556
E0288,27.890708913870252,8.560249676425656,0.23720273284628562,66.96587149372301,5.389242528717919
E0289,26.746800514075407,8.228409904850842,0.18340955102966988,87.7774287365578,8.181362591565525
E0290,26.75189622823294,12.214580558963998,0.46462215066360774,74.18344866812077,5.738907022452786
E0291,24.92817465798196,7.424833293991048,0.19190054359611414,87.85848476993607,7.7985622691705
E0292,23.75486006187713,12.378176492468274,0.3587634975391546,69.2555746041017,7.035480975036091
E0293,30.146503165404617,7.338033646596377,0.2818176981717956,75.47043738035282,7.769125435023872
E0294,25.178288304881328,9.51543765881942,0.22298591974594023,78.48986798686292,7.902799498111049
E0295,23.182400745318866,4.899508981781365,0.3811176246100482,75.09927817357269,8.05390155502453
E0296,26.222532352927587,8.511420414377659,0.39477614054229926,81.26991071154116,8.159639437538539
E0297,25.196725796419315,11.60200448267578,0.5017600123140976,74.66510799912409,7.124941661156942
E0298,20.32525010015476,7.509782255702791,0.3890269995281918,85.6709877212812,6.988937125966004
E0299,26.981719977563138,11.847427589367914,0.33338392165900327,77.36335547107377,5.749071789035018
E0300,28.585109424061812,16.181589163733804,0.662296267673576,81.53935708995797,5.4685499668375925
E0301,15.195851006490255,19.751734201510633,0.6179070380864474,81.886030013019,8.26139001334316
E0302,16.592551590260342,18.166227852516958,0.5495004744376935,81.24371318850254,6.826585190561191
E0303,14.038181645238469,13.825792797211466,0.5399618003901248,83.55797508642875,7.8973094606050935
E0304,19.495775043854803,12.979885168432938,0.5939955312296871,79.10797633124612,7.916334123478626
E0305,14.614821450753556,15.124575008594624,0.614779182220402,92.69456279328033,7.889695436197363
E0306,18.02139383604748,20.097514685449887,0.5481434156674505,80.72325933097999,7.205020305813384
E0307,19.611289461040744,18.543390238274707,0.5960574600297497,93.67593762518969,8.540152522461174
E0308,13.453516984260862,16.797717729771374,0.6380800760977322,77.27433647091704,8.64542092906966
E0309,20.068681927204878,16.654083829055228,0.624788241421065,91.05337261516112,7.648212695773102
E0310,10.674696271269998,20.654701104438125,0.6940630314793493,82.38070995312361,8.385103265377573
E0311,17.689287913097974,14.167477046709795,0.34196640732440114,86.78933016405523,7.246605289133329
E0312,21.53513237466128,21.24452929927133,0.5879398068135849,90.58666734007751,8.020303880780144
E0313,18.66631396745203,20.347888033712763,0.5670238922309078,80.49718900044846,8.684054762737135
E0314,19.744636403748117,16.389812438669036,0.4656914094881879,87.42436709085783,8.221141998879297
E0315,15.339810127161453,18.70675620592618,0.4671793452345775,85.73186560032764,8.127252212166512
E0316,17.89512826853005,21.679300641148796,0.6076697743219802,79.28869817862511,9.206519593107318
E0317,20.319138618956416,23.052745285798757,0.5109032172309731,89.46023013694403,7.3258049263255645
E0318,13.012551245502747,23.466911182925504,0.5213706853166781,72.18954673973693,8.698926083812534
E0319,20.005082386658064,20.113201638541803,0.6057928921034944,95.26406830513692,8.20536344614674
E0320,12.772088378727771,18.35658026946229,0.6757525731606796,93.17792743381673,7.337239559558409
E0321,15.503656925956196,20.366483769817435,0.7773499270123623,84.78993872081246,7.936615266977612
E0322,24.868270557465358,18.225666669231796,0.6346852977393915,83.40637052088421,7.6614860692275855
E0323,18.531996698085585,15.99122874368765,0.7702197740057444,88.0816918633418,8.596900761723774
E0324,16.727470417342403,21.53243044839382,0.6898782999600542,83.0877323973245,8.369626295546054
E0325,19.936297037632634,21.083976327689903,0.5866872270435328,84.82816351859147,6.351335887834061
E0326,16.268574029335056,22.78301124294191,0.5779479943699583,87.37878447029503,9.483581439226436
E0327,18.8654268776409,23.999677868013016,0.762400569934071,85.43207745177891,6.080373858998334
E0328,15.966214340461033,23.41557381426803,0.43857771458468003,96.26119724291098,8.618305550127529
E0329,9.93432636247553,21.36794711525329,0.5570888884432529,83.98550599447293,7.326114518001327
E0330,18.41716290006093,18.890637186449972,0.5711611280493641,80.74805105398794,8.962201483392805
E0331,15.465559415639259,18.726150170072493,0.2925973091134801,79.20467304971912,8.357146396896253
E0332,15.279193400731653,17.761411182874294,0.5113057508864535,82.60387620360986,9.246817933291672
E0333,17.01139161118581,16.656816405039756,0.5881250032550631,80.15369358122767,7.839727893406796
E0334,21.027652788583442,17.829721643764355,0.23881648354229112,91.67049404507759,5.813107394739966
E0335,17.88638453467824,20.841512866027774,0.5904659973942976,87.48644663180013,7.791189238646804
E0336,19.525360830816307,20.154031060999728,0.5185967527269719,85.37195227740526,8.095343445732746
E0337,18.88719289466141,15.38303005054488,0.5987006586498244,86.16657007942229,9.095812805585387
E0338,17.3047951983892,22.59355366004211,0.6289438243050447,80.55634110595673,6.945412760506063
E0339,19.01336262398304,22.873423799970556,0.7066284594958703,100,7.760171758494445
E0340,16.585050876314842,23.44921480756157,0.3646069728248934,90.85261834688627,7.590782999980369
E0341,13.25206324054278,15.329214292565222,0.5545902247855282,90.70484251308021,9.354438951332643
E0342,18.042905732646073,17.76047609688691,0.48037617866146565,87.021418944772,6.539715493884783
E0343,10.166559022485178,17.771257401363115,0.5533109171075046,86.9551859091846,8.953149480268442
E0344,14.041372456419102,17.646505845213383,0.5357942066328074,90.06810860248022,9.041282031886315
E0345,16.82137596934338,17.30590314481557,0.4206510785694061,88.6062319975079,7.897437026900632
E0346,16.517721528577628,17.319968996509893,0.3512498681781109,90.68332658138458,8.769671873096224
E0347,15.738915438979124,16.088325799023387,0.7832345096950855,83.3325934492739,8.460025182970751
E0348,19.965773048985845,17.311529361479707,0.4043153748302708,93.62909847107302,7.357022913344454
E0349,13.791158626674115,18.003890670105342,0.5802523752592783,77.15964663500739,7.374525564648758
E0350,9.15906959895467,19.580950329247887,0.4280250498407177,96.95606283886093,6.1797322050222805
E0351,19.341355692986458,20.816928568816664,0.7158514555431952,85.50703673469069,9.423314289524567
E0352,17.13531522066221,21.87362079827502,0.35559713423691097,87.24239694302435,9.167149876206524
E0353,16.6745325233073,16.59754468304681,0.45225484987664866,85.6510460255446,9.14331908363556
E0354,15.826327069787103,19.127645966815727,0.4159043474722419,80.94168794327477,7.985529918931564
E0355,11.939001487014213,26.007102586040222,0.555530950290469,83.2010763227659,7.476413341941618
E0356,14.141886634544962,17.614397632534047,0.49601057533096893,95.09869417456996,6.511782080468167
E0357,18.522242336310185,21.221289718121973,0.8123565954312937,98.44376836777734,7.483032104999009
E0358,17.056448297020168,16.904966017953196,0.549517306033214,79.65951941043716,7.183140120879113
E0359,12.743268879243129,22.196106704366873,0.6964859391007403,88.13149276936012,6.771014390235281
E0360,18.79451579405671,20.63655046401629,0.640288953603932,82.7742399421085,8.277469934146637
E0361,19.359138865229685,16.245372039270386,0.6254246933577745,86.54189819515015,7.574635247819781
E0362,16.596100862293287,22.075574031028204,0.6067469042663642,88.09122970761553,8.401600012100923
E0363,16.950840447154032,22.377215208718393,0.5801182031909479,82.89488602940094,7.302358006233642
E0364,21.22742122470527,21.648401154995216,0.4715330499842445,87.72380781449161,9.854618855766322
E0365,18.184516096406796,10.69576416744793,0.512265144040035,96.008449981075,10
E0366,20.6596253842174,19.431479736568793,0.6015877485836816,79.51437965248118,9.349825762781265
E0367,16.86476836138107,23.559649375455407,0.27765842323629514,83.61289337226576,7.909826652990227
E0368,21.438463534516345,18.4860517659368,0.3459014582679707,87.78325289866044,8.582467233197184
E0369,16.772948639922824,17.02556500204615,0.5037441290317284,88.24057435559864,6.735869211665441
E0370,19.753245371598666,18.537116193740836,0.3447358676064404,86.4055068892581,6.799294117008249
E0371,15.96566385877276,11.850882050989888,0.5624855170813122,88.07980418296818,7.597943589452586
E0372,13.768992031838241,15.58510872615519,0.6017020544835885,85.01257176319648,9.521557874555938
E0373,20.00481418207486,18.738233401562383,0.6473053576146555,87.13989683951462,7.798971368873332
E0374,23.888012122314016,21.50598016193261,0.6724970992223195,85.58780818916641,8.83109465972352
E0375,16.022365653649956,19.636332604574516,0.6123535472253782,91.4987012461656,7.9554268755408915
E0376,21.406568385587953,20.924038904213663,0.6100625126872414,90.26329768857272,7.68779820414422
E0377,16.289273200478423,15.903697096642308,0.5763826865752076,85.88546188324517,8.179326727651322
E0378,19.770479353671284,23.457311961259315,0.5537548878205393,93.87876123846863,7.880904993453306
E0379,14.032424579895773,22.571428741833728,0.4611099658769795,87.02231693482703,9.30880855042904
E0380,17.826938834860126,20.851680194429306,0.7950395555550709,89.47289963320273,6.811424743984763
E0381,14.709016719316889,18.481185026602386,0.46282234584152,87.36742924998599,8.098286447129789
E0382,12.943664047400087,21.584741322270926,0.7367008585587114,82.3252408064161,7.977075003871101
E0383,18.965073230684013,17.13974222636668,0.6532817288019522,90.40418079818375,7.878358168162687
E0384,21.828940281064874,16.365360858194787,0.7738824454116847,74.89698882481309,7.423527217281892
E0385,14.634479102366269,12.314214559371383,0.6304789025181133,80.1887309613766,8.645734300167385
E0386,14.348371662422014,19.579789675802505,0.5038167925345088,89.76575881430173,6.670781168281347
E0387,13.782456164619255,12.06202984917908,0.5159282142463791,93.44166577628866,8.67869431834687
E0388,15.625577055656478,18.926998623592805,0.4003255878087054,76.9585816572182,6.0291717426133715
E0389,18.996941046734683,20.324021767717156,0.6641485741423037,93.09558136227733,9.397789862940845
E0390,19.136684637256174,21.368730261308702,0.555083961001211,77.994868643823,8.631855799077591
E0391,18.328862682497487,22.06545888004817,0.5436449309195568,82.42207823590572,8.046371431281715
E0392,19.27876193617754,20.84578347861129,0.5584412977769672,78.02304700978172,5.8148236610370585
E0393,15.59336700194263,16.421266431494228,0.4802994719483117,84.90731948829671,7.922536340791833
E0394,16.48187006634849,21.67224692910693,0.5034245191658119,86.29483126782397,7.3354782988169704
E0395,19.04614969815742,19.18982424246221,0.635436010774787,88.47245858968047,9.050951623717333
E0396,16.15526801527537,13.406016833320084,0.6941997960112167,83.4658787216894,6.530615345372382
E0397,14.115132278204538,18.6605894472304,0.5564131436894397,85.8820780415932,6.548183759833129
E0398,12.86704956580233,13.64984087237452,0.5769938192985387,87.81809855200304,7.797806583390669
E0399,25.09275990991507,15.839528677829012,0.5755557190214826,80.16546593926948,7.950348664688654
E0400,11.900854833311204,17.14193596808601,0.5707653489698011,81.79306967830047,7.435370638768234
E0401,17.087949958382605,17.239184270442582,0.5234002523215929,94.27059140364256,7.834085557628505
E0402,22.802943008453717,21.780927195830767,0.6129349948836871,68.28117611849746,7.763259805174158
E0403,19.51253262553389,18.803782463987496,0.6276370977456087,91.73501937811645,7.526918382873496
E0404,16.443961006746,16.188664723674506,0.5725389564393436,92.36020540952313,7.392295252035693
E0405,18.59998753329316,17.098421698715754,0.6107313718122818,94.10576339599137,7.858890255800857
E0406,22.354868726044284,17.274327141954796,0.48742415586064447,83.59066555292804,8.872318467520406
E0407,17.568883459490394,19.564663125278006,0.5711989531158771,91.03992188112397,9.676939518352055
E0408,15.292737463440199,20.618967923388794,0.6183481943772073,87.2926355463706,8.916971739954873
E0409,21.355678833716368,17.737347791028967,0.5382062827204206,82.17213678825053,8.041122639463847
E0410,22.606980357695964,17.981600320068743,0.5363516488486116,89.31708789230413,6.918387494770018
E0411,14.046335318787378,20.554241165089763,0.49884759684599145,88.22210494994451,8.81841873970785
E0412,19.1562702917131,16.391837136960326,0.6130748538735632,83.66585739480706,9.315762398450143
E0413,17.388041890874785,18.517987257535523,0.5780429689889722,83.23944290821252,7.833835921443465
E0414,19.10492392668009,18.572149640184875,0.8439358621324317,84.40468283967638,7.828848558455762
E0415,18.580093495662346,16.704367096467386,0.5352055480571664,89.00864817992941,9.11896532239659
E0416,16.938460703136194,17.020598286048955,0.5622731468008497,85.68588303806231,8.167028748364835
E0417,18.31475314192091,18.077783678759673,0.4388997043986572,77.88697193918438,10
E0418,13.368414302895388,16.354217649381948,0.6476667781447654,87.85147118063428,7.953600572099729
E0419,12.78674016851329,18.713964523754722,0.5162060684947121,83.79802157711809,6.546006053723738
E0420,19.162247471627936,15.172091880777685,0.5646481491900014,90.5648915391697,8.952160255952503
E0421,17.258106509830174,20.12675495189442,0.6539859006648443,78.74733025113314,8.325705280563763
E0422,16.60514887577462,17.592308882210933,0.7178255402833944,74.54865960785732,7.7607109648245345
E0423,11.971844063180484,21.39679961085763,0.5227804374986442,83.01350368385077,6.869796738438173
E0424,15.29150602769566,20.278864597776145,0.5107735928785259,82.17773293621792,8.788835750455052
E0425,17.576615452689634,17.463603960419483,0.5728765248326949,90.05739159218294,8.533371200201437
E0426,15.541031237741535,17.957453389072803,0.6830178682189993,74.78353381845201,8.244373112788205
E0427,17.243852038981625,20.82817823916092,0.5628214775781627,79.58868508246486,9.397946124058825
E0428,18.15469174035289,21.206392954110097,0.5711272812785022,85.24396750439386,7.0425738112935115
E0429,16.587494086885457,20.43012568201997,0.6365277720441689,81.58229348942801,8.18614024761207
E0430,18.282779327717282,19.98485730034586,0.6313824758681974,84.85254914489308,7.775960069909991
E0431,16.27080665438191,13.65619757423914,0.6695361234593173,78.81019841969179,8.463849806526888
E0432,16.044941516438325,19.358189264036195,0.33519119703356515,81.05447228896354,8.398507238054362
E0433,16.23768081947597,14.745113883950443,0.4199330490823008,80.4828039729526,7.894595043238404
E0434,18.916662290489196,19.228103132961632,0.42012536742890705,75.53678993766859,6.651942674532227
E0435,19.463196149498252,17.017500273367446,0.5914679212063673,88.2982245455706,8.042480545372568
E0436,24.006437259745873,18.683481861824593,0.40075298552484084,82.75358346042593,9.332232080848462
E0437,14.050077327166814,15.459742337239227,0.5248530901156786,82.66435341299092,6.23190053375616
E0438,14.877627679981227,18.50692244061179,0.596558222139515,92.65375118766508,7.515299935955539
E0439,18.932447304049756,23.558322322952797,0.7634999085631082,90.00646156902059,8.452507933566764
E0440,21.912995989838628,24.475495234520935,0.5234878717125928,81.8379257818281,7.016018502991457
E0441,20.679944523992923,11.534080449539404,0.547693237087646,91.27995682827189,7.0765765006112575
E0442,15.596883145007563,14.037033248830799,0.5759211761926684,83.72615985686888,7.089167470700606
E0443,14.965306808786032,14.73743415588425,0.4845120702825121,83.41250820437773,7.29562924073803
E0444,22.089206813991314,15.17111030124448,0.19804857228686357,86.99866819809209,8.323606530851519
E0445,21.628540550267196,25.23730239811766,0.7162406318789809,86.84311762800075,9.798758197023824
E0446,17.64358277618283,22.046608062046865,0.5122054296168956,85.35472236406969,8.498541320382815
E0447,22.10206488725695,18.671161551474885,0.4711377973172124,84.48807434413088,7.272526985962537
E0448,16.97603951105632,21.94455664308794,0.5816700062027229,88.40012230668415,7.498683369967986
E0449,14.54629890559169,25.784041620431868,0.4820779968131243,91.9650213817528,7.022956822291309
E0450,16.84816948914937,20.911269771410684,0.6512184147603701,83.63675846026942,7.352185384108403
E0451,17.239763259647102,24.32660962854097,0.5000489268240931,94.71057365228157,7.376689841059312
E0452,12.321286706317856,15.557495357590591,0.6441337456955154,80.99001722255812,9.272154234094193
E0453,16.485506129761124,15.762032218736364,0.5243102878652289,98.00874292009762,8.576865970210875
E0454,15.744178721502994,22.20384957637728,0.4423791373212251,90.92175814411384,6.454231364315148
E0455,18.473860454099484,21.67525957409278,0.6310937559887272,83.83084785092753,8.743569735322106
E0456,15.40631470630691,21.610289529819124,0.8185763987148511,73.24608908059983,9.15269777761921
E0457,18.446660353204688,20.457287394605682,0.44082580833610896,83.61170331871244,7.791790215886439
E0458,18.608873120147976,17.586718921461845,0.5015190241044135,83.91441246085598,9.222944733050184
E0459,16.162027376423296,21.84888998146164,0.42136737144724884,94.66971385299999,8.30711514906993
E0460,16.869478205898247,24.54318277387621,0.7251186788395423,88.25741644339278,8.578012563119747
E0461,24.144545875878542,22.721222286612196,0.5640002188393073,75.07330680755315,7.710910353923792
E0462,21.64409334006684,14.857557344946278,0.29401914788713657,87.63612362669286,9.296176095215305
E0463,21.664285995586937,20.424030631874444,0.3083547590939951,80.34315359301047,8.0483607090828
E0464,17.17433369034174,19.037039073963086,0.6533081790871303,75.79464138661166,7.7572577932289475
E0465,14.480663253418507,19.26129981185718,0.5829078371129934,91.5142205793758,8.420080641899775
E0466,18.71337034596645,18.452895418710025,0.33110806371561774,89.61023429450205,7.900359765083432
E0467,17.198143347689168,15.20298920252405,0.4175451719552388,83.59986365466595,7.7695411208938285
E0468,27.753978478789964,19.99385173882222,0.5938180311801707,94.62483008317244,8.653482971666502
E0469,11.204313339046196,23.055185892959937,0.5549232244625986,84.12676777841924,7.819116179958857
E0470,16.39150248726207,23.909697208788067,0.3447223105513989,75.88769363170749,7.619595234909653
E0471,21.451145612819328,20.43979668655806,0.6327775121790181,91.46571254643496,7.512047219889315
E0472,10.704450799506485,16.791052266226426,0.5031747188003366,81.94999502854073,6.748839885102991
E0473,16.22105400182972,17.250950141759198,0.6868587347968623,86.82386939988777,9.446421869509011
E0474,18.00220380766155,17.16570405414584,0.59953842072103,80.46054921508275,7.412445628169796
E0475,16.341087225100342,20.810050130832675,0.6801088230857724,78.17324150756193,7.657668341635098
E0476,14.204684590132679,18.292709981928066,0.3339624077785592,88.64859575164722,8.07806873289467
E0477,16.63327934511027,27.712648274870162,0.6321274155571567,80.6078778162409,7.4158478321186925
E0478,21.015585270385284,18.19512616205375,0.6656456121812155,82.75056740149417,6.1851583629142395
E0479,12.955006429866906,19.444278545209123,0.6076588193570103,90.34449141837055,8.403719649871979
E0480,21.244507173529946,18.37961505149415,0.42728572923030345,70.62572703932491,8.471049343272947
E0481,19.742146836544045,17.072319584645356,0.5447457156181524,80.37669395284892,7.778489984300888
E0482,13.28993624452006,21.542715471653704,0.3391268163712634,95.17736388941836,7.509908863534836
E0483,12.497718935976112,17.417283620798038,0.48710967383763515,85.96768317146422,7.276685286731504
E0484,17.1036160516896,19.007112271324395,0.4676983702999937,75.90089785783904,9.759023945426433
E0485,17.858898936208075,18.15435929934615,0.5879696852050564,85.70348731985041,7.732801301394189
E0486,20.55862428153683,10.514576042838108,0.7880346214884146,86.27295865368663,7.9681357815109815
E0487,16.887351884472356,20.952790948983093,0.5870310976424853,81.3447783031882,8.0964707430217
E0488,18.26111478192068,19.47327751334,0.5040349618110599,81.88797136254857,7.79244152160947
E0489,20.8677394470283,16.439688932003893,0.6516060122776914,85.76585099387611,10
E0490,20.512067555298852,23.08930025792221,0.6343443251568728,91.03845722205492,7.98953089064057
E0491,19.47828096225414,15.211311486486533,0.5773622962694325,80.95155189773747,7.019846534007274
E0492,17.97175119527145,13.666160362837786,0.4777060161555322,90.2973696569685,8.28239226485397
E0493,18.142851234363647,16.939241064773324,0.6141436586047361,74.79520608225374,8.98614926302581
E0494,20.607858748379872,15.446993433120227,0.6259751154433507,97.9451403182467,7.08299485851327
E0495,20.306617252196414,21.369031905182943,0.5821051147995543,90.62651897516005,9.503787626934253
E0496,16.81545518006256,19.257891312850806,0.76153815842097206,82.2644113519254,8.247665123646572
E0497,18.093769741987337,17.88981567226179,0.8036742723348623,85.37843269784541,7.836320240245335
E0498,22.07765689995731,19.028009101129232,0.441188520537258,78.60477007652118,8.780619887649861
E0499,21.414101037415953,16.14682122498153,0.5941570149360734,80.40255282336057,6.7374827843876535
E0500,14.068257015967642,19.545153134193413,0.41443730094195896,87.78511108715882,9.334071271075102
E0501,21.344605023745807,19.57101953209857,0.4900841722180007,73.6128442373068,7.467383538203874
E0502,16.742433018224403,18.784783691805643,0.5022013745075672,90.0634953349463,7.203498421873053
E0503,12.278690595039633,18.991444869848216,0.5345070288840446,91.01829834748622,7.525307097206455
E0504,20.877428478400084,15.67534311426257,0.7433955397071795,86.73346325894252,8.027933664752158
E0505,17.25340326670315,21.805575302120783,0.458684443736502,81.27050217686248,7.1481360649907835
E0506,19.90113798944027,14.542481644788015,0.6065870531734469,89.80182209383347,5.750926734277848
E0507,22.817338982651055,25.685625695279523,0.6365844184290533,84.78023901091618,8.131140377903604
E0508,20.23961791449691,23.87240566761339,0.5766217065089277,96.65465007551595,8.772833054093672
E0509,15.93921941950054,20.559293875760005,0.61159084872178,89.02012489806732,7.8110555454053605
E0510,16.595230625844305,14.943914089714003,0.478453964008651,97.15967416218672,8.358941618833082
E0511,14.038602700077497,20.278371482886524,0.49957681219545635,82.34304172657819,8.685014962577826
E0512,14.534875561818822,14.010437244379979,0.47514650461145747,92.91833193492663,7.131134031360483
E0513,18.46859276754419,18.190169134507002,0.3088318939231366,91.8160949435503,9.533828167742307
E0514,16.102167623271566,21.372372879321635,0.6188585804340315,89.82381894244558,7.265769342510698
E0515,18.974764695723067,21.521825916318996,0.5042992148818934,96.63300615505104,8.045452866255456
E0516,19.49722864901237,19.098908454551392,0.5306065782853385,93.06986338773207,9.63650124055598
E0517,18.09038978366808,18.285508738454364,0.6231785079914809,92.60421581696804,8.210364296068956
E0518,15.804063024149142,19.790656858452454,0.5554871867789752,94.2616884551285,7.974089207743268
E0519,12.506210031482908,14.224644477804365,0.5377404677827976,81.69640775930064,6.978177805003379
E0520,17.343884525817398,17.871294793459196,0.49179334909119754,90.13107642546767,6.958359970164508
E0521,13.88655014799011,24.437581449731127,0.7277448479157744,93.6086087407047,7.507393184475598
E0522,18.9379366137847,13.785700952146327,0.5653461652666727,74.76746732933348,7.609784555669506
E0523,19.318536200175732,23.887333452235914,0.5631542067168258,93.48849768876134,9.496237340450437
E0524,17.948042474361248,20.584316324465522,0.6577852330872541,79.53619754333286,7.493182233704461
E0525,13.885661525605299,17.918667440207336,0.5917322782725417,77.15498260005889,6.969002979458273
E0526,14.734588129733439,25.71285067183545,0.45317661186302743,85.38343248293724,8.638362192400317
E0527,15.525487070922253,18.879401147575113,0.5052901730748794,75.71080311617713,8.144211223595683
E0528,17.441677235323535,24.682375994691995,0.46451623243424645,81.35359017671921,8.10201733443034
E0529,24.06950912985599,19.074413949812993,0.3648147769458702,91.08532380733817,9.345692155475135
E0530,14.237993698682287,20.660276209301337,0.5316319183887851,86.4994114199422,8.920912963455025
E0531,10.529456650373458,17.276947163673345,0.6153343052027694,93.7105098114994,9.057015458468134
E0532,16.638799851316094,16.21498898068149,0.4930024945175912,87.65626950772143,7.779946618762294
E0533,14.482267011308874,12.99872367611555,0.5985318199968405,75.73314352745545,7.849761082094781
E0534,10.48268027385565,17.133793911102504,0.6331160951554403,79.10269987073798,7.92429604626843
E0535,14.37707607153714,21.181436699455727,0.537574305380492,86.95871791784708,7.256151549511344
E0536,15.879261953292508,15.693450090263944,0.49779120735176474,83.43672387850864,6.929452839625386
E0537,13.69340686371073,15.521611687439933,0.47276658766040724,91.44201322345404,8.354016674882878
E0538,19.146979581990333,17.68328308074184,0.5192691860578244,86.90539377698504,7.837294721162474
E0539,19.722920917052527,19.47740262029066,0.7220630724144813,79.34283641906876,8.00196956116404
E0540,16.0255845986446,17.51619794340094,0.5600202970525433,82.70714761316196,9.064490558951478
E0541,12.555242203154762,22.637103536743094,0.49915932208730046,92.11273073000258,7.380057465147469
E0542,18.782513416590625,19.877897277735485,0.5004517372989306,80.32752751803076,9.767247809918217
E0543,14.435375938641366,18.891872616902912,0.5580406276951873,76.99810488153943,7.602280619366973
E0544,14.510247390102359,15.69215169230145,0.5644488309931472,89.39098437835504,8.702907155057412
E0545,17.44732044489247,16.193079139152793,0.6980200038781634,87.09643260754846,6.979069266111327
E0546,14.07156187584786,20.38251198046091,0.5034302380720425,81.21963150855005,8.245737250522042
E0547,16.115946777030835,18.00290961216813,0.6574636512144825,85.72288108970282,7.312664097449052
E0548,14.68707525255396,22.31848980646733,0.480592155445006,86.92176046900838,7.336152814409663
E0549,18.17685112123623,14.098919185446611,0.5741726299101108,81.40025351378952,6.869081473166253
E0550,14.461082285346516,20.005578401786117,0.5119760266399654,88.1885199940322,7.984637093959148
E0551,14.46872020720864,17.426027665029572,0.6606495548625833,81.83888618205003,8.684504495784516
E0552,14.114334667135196,23.390113225906617,0.7037047379634007,83.94106308764366,7.845356676280309
E0553,17.033148960069635,20.281534125959745,0.7188897188828562,90.4570960276046,7.7612629451648765
E0554,20.64484689626553,15.924610539470956,0.6252981072307605,84.28677375223317,7.618403602814111
E0555,14.333364452785148,15.075825036031585,0.49441121770130664,75.98069794592143,8.620344906452257
E0556,17.65430378433981,19.6888056598859,0.5363343598659432,84.413659751268,8.945405386154139
E0557,15.031649001178886,18.07893616656426,0.5831468219696709,75.80027362234237,6.025377503119775
E0558,13.734452458158009,18.748500701373445,0.3203896138474634,82.83900311803663,7.547330993032174
E0559,20.273392694323093,18.502804478166805,0.7062436768962412,82.17790521893326,8.792287205784454
E0560,15.292318035026604,20.9650376759905,0.4324122717948873,100,9.393517546496982
E0561,21.862430391771802,15.775495815467409,0.4994712913297645,88.94723353924086,8.520205565535393
E0562,14.939034663248778,29.412728810397695,0.69648327205041,88.65209695239044,7.882249548244877
E0563,18.970990110705895,19.882242677152053,0.595075390546752,87.2011890994562,8.547071324215217
E0564,20.332076645704113,17.390878460960828,0.6019570154643117,82.8248287284908,8.195768348653298
E0565,23.422162190198986,18.56567951366289,0.46753315077403096,69.93698687077732,8.473572100849731
E0566,14.507084572602812,20.62639158352166,0.3738139279573245,96.87627158778263,8.415781584156147
E0567,17.229217568594407,20.902525579577226,0.46294079418616674,82.90249767992954,9.3535920858508
E0568,19.80747333859716,13.67543179328519,0.6052211602404345,80.82774911758796,8.317708642313198
E0569,15.49499989140557,12.801592345940314,0.6288914797573032,82.22018617943543,7.6409878357387395
E0570,18.78456039155354,18.730279271610364,0.5547690709678601,92.44977477120139,8.92120363958622
E0571,15.708046492590888,21.510406534176063,0.5066441218911409,90.47413912401373,7.279216180481117
E0572,13.599982841981626,19.498722499280596,0.5918005307948763,93.92951482131132,7.7319978614879314
E0573,10.288485320691109,22.07657672033837,0.4815329252171323,87.67681484784397,5.839014785805544
E0574,18.543918717329426,20.209565374398807,0.606252592660813,85.30996252671089,8.174598406010647
E0575,15.974278654511233,20.234776359588402,0.4288489637704865,84.49859247456287,8.567493871387256
E0576,22.153632286457867,24.040560484067342,0.7547557159524223,76.65695420167265,6.449887031889961
E0577,13.650866274026116,15.81367728029474,0.2524511965377224,87.55757279205554,10
E0578,15.534561142511459,16.626293050965536,0.7059731598004271,83.97575373475851,7.161175112537051
E0579,19.421996880223276,20.165536822482956,0.4779159552072394,83.70220897969438,6.837174972674716
E0580,16.216973774987643,19.761995498351123,0.6877511352164392,92.3161535641972,7.703787077720957
E0581,18.464179753479737,12.438495122242074,0.3893683824609337,93.26728084123276,8.26937197491026
E0582,21.05835146290853,20.613401299850413,0.5136191635527327,100,7.603831171868944
E0583,23.530446773927764,15.130340764879506,0.5731899569579688,88.78956402052553,8.447240746209687
E0584,17.154161333620515,15.323368089523703,0.43895508093555347,85.43090115048201,7.198486230858569
E0585,14.485713664293758,24.18134065832726,0.4911745689211833,80.55001115508695,8.658475849368019
E0586,13.746154972074732,22.481073409870906,0.6044564102374534,85.79998038023906,8.114296815804316
E0587,15.360401692779975,16.75551524874514,0.6103343454760357,96.32358347843626,9.700138102460695
E0588,15.720470885885883,24.000016974791222,0.4149483124359157,84.58249025803471,8.3417909244241
E0589,13.367007333800643,17.41090772628605,0.43927260912034866,96.25219184795343,7.959665497411538
E0590,18.793378993337075,22.085945051917797,0.5727883921770822,84.66345920272647,8.122439579158208
E0591,21.271687367251804,23.130153973194712,0.705914129837306,87.26198109873728,8.495248882177314
E0592,15.670104123324963,22.99300887478794,0.6321798336210781,100,7.2727276422193246
E0593,13.878999602977135,22.76396784830755,0.38286236204166224,86.1629890543246,7.093703570732995
E0594,13.178308764778258,18.137996338572197,0.4707922186743252,77.28376895927875,8.77238204054896
E0595,19.31045483603539,17.359793445522744,0.34779667621642524,81.95814315549832,8.07597470965286
E0596,17.094567865929587,22.761782413195014,0.6362835450788292,79.6585019916179,6.66638741473926
E0597,11.285435745685199,18.784831243122966,0.4541842635520199,86.539021094648,7.1313860454204505
E0598,16.628734468563287,16.952690136207195,0.5488047055681815,82.56626298304093,8.093240130878861
E0599,17.000985131640316,15.925010625142992,0.6170055714037335,88.2682366319399,9.05959129887386
E0600,14.46866496581343,22.904733444149603,0.535364318713535,95.74292907724242,8.173309809405634
E0601,13.33599988871322,21.27418247622005,0.4565515830831931,80.14223862792943,7.993484820093773
E0602,15.64104201915348,23.4388430061286,0.5626652597691649,79.94975301352581,7.58392053806667
E0603,14.893040206156616,17.141312780756103,0.4035529130586797,84.46160292577541,7.348051217917276
E0604,14.976858843544623,19.779061681768688,0.8111904098904861,91.29690043947215,7.424884772111376
E0605,10.09093042854228,15.74043722506789,0.2754579940957164,88.25616274102208,8.399728271526438
E0606,16.552001285651382,19.258670689581926,0.7924043769468072,86.62670533072182,7.474351185639561
E0607,19.846068769910385,16.461392652842182,0.612853661977609,95.4304965664974,8.16763881297994
E0608,20.469087381570702,20.166717593111166,0.48578802390591713,84.38815401087113,7.729691557642348
E0609,23.223057457692853,18.887092553960827,0.580234639338466,97.09113131649669,8.143730372378764
E0610,17.795869910964377,23.336804946777477,0.5446881884442883,76.9364211784266,8.917995576913746
E0611,13.843988512578601,19.951673446308053,0.7977715505954966,87.68636737216424,8.718516690836825
E0612,18.50702670865589,17.788058527542727,0.7928780444402462,91.42576079192024,7.960318755576846
E0613,20.2995350693656,13.77928800857427,0.634352951611057,92.83194456576793,7.10702591155543
E0614,22.659514491242522,17.641536163239646,0.5187389081827835,77.28597113784603,8.518267270491975
E0615,19.433760502068186,17.241737480321213,0.5666809821795489,82.24188007074731,8.122203114020474
E0616,21.25473142638188,22.443757132949163,0.4640783304692657,74.40754654413855,7.089126235485452
E0617,18.31750970510886,20.37208977893408,0.44468618004279437,84.56563045813037,8.90362084745223
E0618,13.167495174196702,17.236580913824284,0.5165224770253801,82.99837099739923,8.788486298298674
E0619,14.41588038436567,19.68374482208484,0.7183966518743956,91.92483038221465,7.376328695815194
E0620,22.660957624913266,19.402443225538736,0.49738634696908396,88.49252736345473,10
E0621,19.112261939548713,19.987983316342774,0.5803560717378509,84.22330208508632,5.174906183928425
E0622,14.996838424003911,18.107463359071616,0.6922057841528673,94.17333043547329,8.58136094495275
E0623,14.88285697382854,22.55496391919357,0.5966411777238851,85.13422122968761,7.567450879529342
E0624,14.237844260256871,22.928606159875805,0.6080541779147642,93.89436725326686,8.173526654317284
E0625,17.445419875988087,15.488634204653703,0.47807870196420704,89.9996645986707,7.055669455096274
E0626,16.24994791660168,21.988356598900342,0.5633843107941384,89.96818265595672,7.778733317660105
E0627,14.174693137666104,16.75900894992982,0.44144506397976013,91.44032223548568,7.447643638090412
E0628,20.642597055916774,19.665602969396744,0.46688460915265323,82.27640324423368,8.447922835007065
E0629,17.05569929900068,22.002835693547492,0.42229110457159524,77.53054227904013,8.41115758198478
E0630,19.273495098372642,20.482429775677883,0.5012918324018472,90.86146572135195,8.657336635860396
E0631,15.85981190001198,18.974666747396093,0.5868442562443533,78.19401198053981,8.35956693186651
E0632,17.524846140041657,19.288410956598625,0.5389275575040248,80.57832918926844,7.922475991594277
E0633,20.10056992707428,25.752115717549618,0.4426909472743454,84.68753921210698,7.913257055564478
E0634,19.02717198629741,23.309904074069504,0.442946171181682,89.38752798308555,9.677360440105856
E0635,19.82384372873771,19.03122324861546,0.40251348208879206,89.6555383506295,8.766155141970684
E0636,11.520109782458155,18.037624325445616,0.5955512642259849,74.98387478727403,7.946643084347056
E0637,17.53161314388969,24.525024601786086,0.580157867280759,87.4648796580084,9.350602577152936
E0638,16.424576414158192,19.269774175676023,0.3944640754428824,75.37182899705057,8.40592064738261
E0639,15.049403869970511,20.208378454350374,0.36498763694920267,99.5036616167107,7.91039327074635
E0640,15.317910976219997,22.928181113972478,0.5422905274655977,80.34194687724352,7.081075236832573
E0641,22.027297379899828,17.160237331823765,0.49936600677828713,96.12133673717717,8.311946304752015
E0642,18.291603801317724,17.693559745241703,0.41721397261748266,83.96712844139986,8.465569933558022
E0643,16.56618013892826,17.853681747187597,0.6644485339941462,89.72428154913298,7.424017180857414
E0644,19.817077136432303,19.513984528329797,0.5427174486595538,81.18367347885561,7.1016166601206425
E0645,15.363509751430126,11.750312609659316,0.5478156443609505,86.69956329913312,6.8036155551901585
E0646,17.416551089646937,17.74548569024125,0.6177111845715948,89.64840435253869,7.213775935815962
E0647,21.34058694005766,21.121586694701488,0.5962421266911562,95.16765101273232,8.96394218723797
E0648,16.002115741548394,19.93542260595094,0.5139249634830096,82.23754403649265,8.42131653395522
E0649,14.602531183210358,20.051920470347163,0.4252098067689778,76.6143995241261,7.165410386219159
E0650,15.355121764602778,14.239403762122134,0.6800495135628388,78.64650800705967,6.57636589549754
E0651,13.847611386441745,19.64956496223908,0.3618135616356578,86.75580299068469,5.494407101486233
E0652,17.757987473099988,18.655750471361817,0.7017393948845064,87.55598492638762,7.157064300851682
E0653,17.983585561985894,19.06101436968722,0.49048941379267197,84.34828094700482,8.430087528650374
E0654,19.567017201471508,21.67837078581335,0.7783013470906661,86.29860329305781,6.924237700829381
E0655,22.40528681488248,23.34425244263394,0.5274763446685987,84.13581365029557,8.274771494854201
E0656,21.215722435246203,18.243907383834905,0.48934413159276313,83.47138731271839,9.559395468150013
E0657,13.247624617593,17.207586162497268,0.5545316553450517,99.47724677067723,6.053153238353627
E0658,22.997326563418262,18.256777480751445,0.6948752394128377,86.51994423795496,7.892162450009075
E0659,17.41783546277644,21.32309782045494,0.3509384776248581,93.34108325285325,7.122025322163801
E0660,15.839992689680829,18.644238381489757,0.5161212325917264,100,8.86200601685818
E0661,22.566907071330427,17.747256186697307,0.5824017314043927,78.04771413647642,8.004452781050885
E0662,18.28656615342884,18.84272094022679,0.5662547898828312,85.17344706695205,8.318784136441773
E0663,22.19237041876931,23.061850608501153,0.5627546685172623,85.98398609296767,8.158585403638806
E0664,16.86942897758204,16.23804571807917,0.5144334966580393,93.23545670110632,8.207613845481823
E0665,14.80674257558747,18.067685878009137,0.4245596603712632,84.02930554581187,8.296457575373564
E0666,11.10210777133811,15.832591095454129,0.8647451439949487,87.88571340385744,7.124846222792933
E0667,20.380595945565563,25.716232767399088,0.3903474360682636,87.08879152222421,9.153524268848685
E0668,14.335746834697655,17.580813579900255,0.6582118422241984,88.24870455222074,9.376228777337232
E0669,19.614077781175975,21.718162256442604,0.4281374540206151,82.14484881390447,7.864208422689132
E0670,17.359680699849022,19.113750794782426,0.33012180774671673,100,7.836588197321582
E0671,18.417304834410213,18.473913150928716,0.5665794746653603,79.15585692666654,6.3431547242253705
E0672,20.799919729460175,17.915172924163787,0.7819864901412756,84.1415172619651,8.148673353405698
E0673,15.544050863159294,16.58913537374528,0.619210974012004,88.49745828315504,5.971920494675489
E0674,15.615399241446971,23.02472905322615,0.36985899036241027,88.58918342420294,7.8169602159813
E0675,16.304724988163706,20.877791963134843,0.4775676714580956,78.98517856379539,6.659888588155671
E0676,20.181061317314562,19.093392123982557,0.4674660907497588,85.09896565176251,7.274669181566219
E0677,15.575642886496185,15.715259951591724,0.42403549149229464,77.60526729172187,7.853083944272596
E0678,16.473469157126857,17.540757803324066,0.6630374604613649,91.50403528209833,8.473252206132097
E0679,19.388973497267436,21.85928104979231,0.8225844464014577,80.4822467259508,9.262166330067453
E0680,19.33623594755921,16.01645995572155,0.39013519992484363,79.24283863017418,7.616379227288249
E0681,19.390407698738283,17.284389032445876,0.6404490889898012,85.96498976683161,7.808662884437056
E0682,17.14715471850901,21.349519544710862,0.43269072069855186,78.46320211051386,7.792264682810889
E0683,19.287838804504467,20.14409926326723,0.6703737405766365,87.27674884415246,7.557061212656471
E0684,17.85797920890919,17.19982547812852,0.5742655800562294,82.66628222318194,7.723340521913516
E0685,15.10155488554152,23.957845360282377,0.5188436450408773,82.23013946573917,8.642057304779325
E0686,22.413153442403292,15.427699194575235,0.6281055828776918,76.42999127957589,9.580936241283226
E0687,11.410967080957256,23.24703235570757,0.793152455310832,71.14129703286463,9.411862664592594
E0688,19.53658514363917,21.442518451577445,0.7053273233183562,92.6617724704811,7.897061545212218
E0689,18.025003048683818,12.707286854930656,0.5283742111832556,96.56310556745615,8.527051021592722
E0690,17.068332818430406,19.960495247463022,0.6330923026801517,93.53899847899366,7.474516334549653
E0691,15.165800034660068,21.403075361272155,0.42964890427827995,85.51079661188214,6.642995397758144
E0692,16.218419682575743,16.624958037871668,0.5973198026560764,86.88362950798131,8.466768549098532
E0693,22.417010943929114,18.968001210298095,0.655660468274158,88.12758535725425,8.330879661846314
E0694,16.709002198989047,14.129446180166568,0.6004965475194753,83.97715337983381,9.43769604133451
E0695,15.846539900644828,16.277298844336602,0.4843899066030394,88.95592370993889,7.84384479851869
E0696,14.364913572484959,19.410300167267916,0.5450405172037381,90.97920076150324,6.457428831466605
E0697,15.513264434189244,19.81356386959592,0.48603295457446666,91.68566923761925,8.256370865724993
E0698,16.747122639276643,18.77901635438494,0.5987149560838823,92.99257300679615,6.636086305168881
E0699,12.926833798835016,16.67670901471588,0.5158746241501807,83.47300180225743,6.9944944174571955
E0700,20.428093450301223,20.781448406578566,0.5254887255109263,88.00761653862193,7.583987372066948
E0701,17.293481112341567,22.982513678745054,0.48041545280387277,85.36266407016096,7.594641130069481
E0702,21.395063085790284,17.197492504548457,0.66739092190671645,78.27748108269114,6.760494948766028
E0703,19.971307558172867,19.169520574753058,0.5871135513611174,80.55164083970028,8.943732362233142
E0704,21.243160252166824,17.40677113125437,0.4450989769980027,84.29638550792599,8.275000595089526
E0705,12.992306692059977,18.75730364686915,0.5776290931550603,87.5995547503951,7.173126245193783
E0706,18.738750915179782,19.48226676001414,0.4897036426097384,93.34591585374368,7.2392996716527005
E0707,15.914536357104055,18.693578306009098,0.5613559619363372,90.92915316095436,6.895406892336415
E0708,16.859442651044642,17.935750090641786,0.7552618155653639,78.5133992464279,8.316376377821337
E0709,15.201567585764685,17.586317958719896,0.4354906814186364,89.60765008315018,8.792743924078932
E0710,17.6453134796685,19.102132532084834,0.5741982165840166,80.5474867032257,7.5914298083725305
E0711,17.280894456437125,18.397836377929703,0.39338256028843754,91.40206932648378,8.91624158810221
E0712,10.640496754605959,17.366654113692178,0.6177619151033388,80.27677091632344,7.712709308110505
E0713,19.557329266474113,20.13208680893661,0.39142805020945126,78.55464971352256,8.232321959592598
E0714,17.46312371693978,20.211184481741338,0.36280586948606985,86.48930057481034,9.00472783972508
E0715,14.084415079383753,19.510710812629096,0.6112934253580842,81.12153853130141,7.305102530387342
E0716,13.695716492230595,15.696760236337829,0.4674437771159338,92.38870795281089,8.101334875628554
E0717,14.929265335108706,20.207409097873285,0.33319737597056476,79.70588468902432,8.478406015434471
E0718,12.249095233366258,20.27744853163284,0.4043090203966735,89.09605595100447,7.619387614444585
E0719,17.413298199541508,18.15061384341285,0.6683086182849332,91.91448190651018,8.133761592806994
E0720,21.507031864888482,20.660896216346668,0.5693418603603517,83.89005813210764,8.359357677886699
E0721,17.578644761444817,22.79306869743126,0.5728717279214275,88.71049537083049,9.066906849785697
E0722,18.581464203571475,19.98340738958389,0.648252304247042,82.4385669276144,8.827185798693979
E0723,12.550381126392859,21.295319119928187,0.5718470908324089,79.1810283904873,7.644707268835134
E0724,12.382397830071781,22.847720376430736,0.20005891788201818,71.99016931236913,8.548316818199243
E0725,14.310701339257031,23.97666080148803,0.552165151417466,80.44041644221468,9.397478890899803
E0726,19.163209939244663,17.557810560595268,0.39664114548225543,88.37102960895757,7.433904623116198
E0727,14.346494165940369,17.77649645623874,0.44734405263086136,86.44502840329635,9.277324584832378
E0728,18.67579557712566,18.013243624812755,0.37080550303844606,79.66103999838175,6.766401191212541
E0729,16.34378748546113,22.30322976355185,0.59060074030204,85.53467297888962,7.192672081839229
E0730,18.150870447159793,20.745153882348152,0.8014222023532789,71.50381854724058,8.123401540875166
E0731,13.882639669259474,21.873337608272088,0.6035199356539956,90.8571192708963,6.466061815747956
E0732,14.153023254287518,19.904265413012077,0.7625367442772852,80.78150088023453,8.288277252915174
E0733,16.687517138049643,18.134616809280743,0.5244658074994731,85.249535348938835,6.082060743712281
E0734,16.373866691828276,14.631545236319242,0.4908810437702727,88.46690971270725,7.3317937099382595
E0735,11.63380941424348,13.886045378013437,0.6364712093713104,80.89738816971939,7.143252410851952
E0736,18.611253263259513,25.033663573886606,0.41223897987527136,94.79930642725041,8.84058912775214
E0737,11.15091178972148,19.011883997358304,0.404341854968193,87.84127125925826,7.010465405988294
E0738,15.754296615340353,20.674665719706468,0.2234943509347303,88.57808499680031,9.167399091101611
E0739,17.165389011779055,21.08348105680242,0.3051710005145221,90.86226238848793,7.269317889685897
E0740,14.894000842733682,23.338963710364943,0.5014180410328576,91.5270374667452,7.695627007627093
E0741,12.788482902278075,20.900406230078573,0.5637108541338446,89.26884729916814,7.25382787239402
E0742,15.803528207322438,19.079111010881498,0.5115003044052839,100,8.968986963484463
E0743,16.668734601305584,21.228626548463644,0.3406150767227061,82.38143443184653,6.804894675040013
E0744,14.227764646179804,20.041910176381975,0.4230551223838489,95.3650377605,8.665916748614956
E0745,12.928270998752733,17.114035222272086,0.46318981781883034,77.87698311210455,8.879005835560609
E0746,13.41618655174614,21.875475778896778,0.6489342506013333,82.95197239354195,7.660866276216917
E0747,15.414536662136637,19.493324050431276,0.5847643998984348,83.13013320548613,6.829197870512552
E0748,15.642119339837151,18.895882297110905,0.4590313997320724,80.61097830661056,8.652683910432458
E0749,21.258455579484018,16.237768553876684,0.3723972402142173,86.64964714247519,7.126711840751895
E0750,13.14295656645285,22.444165448911626,0.5316924667903249,89.89927737565603,7.201328876613502
E0751,18.143446818085934,17.830359669911093,0.3545968885917723,81.07715964354796,7.382404900510098
E0752,15.747594196706679,18.702210210167834,0.47664275832585923,88.15856917134549,7.159258811278336
E0753,17.278584262363207,18.916101812898354,0.5161238423455391,89.79994957062789,9.49249459533001
E0754,15.009246392671336,18.82903334538814,0.6844777956813138,86.58689551319321,8.552718488552218
E0755,19.408482168522667,20.666977050245325,0.6485448488903438,81.19289746430005,8.304777158727044
E0756,11.89075206381634,21.705771516980555,0.5724295569341693,79.38624107979602,7.481591935538752
E0757,17.461721217694528,20.609869264702112,0.5262401746547439,80.89005792456595,8.945608026592037
E0758,17.07822649976409,14.586441585205483,0.49631930458710743,89.11650903828802,7.085197491982944
E0759,20.167590137255324,11.77192177519429,0.6162257545081223,96.69389367977438,7.810846817286143
E0760,16.326598656948487,17.904947866661384,0.3966489765124046,82.39983793870292,8.99268704234403
E0761,18.48978916811911,18.456194546097503,0.5110419961777409,94.83217291233245,7.159619091707451
E0762,18.198901863910503,18.552811172017567,0.685415453573672,79.77471732749386,8.033605695603136
E0763,15.059261747943536,14.821855918421782,0.4605253589183481,82.57130393726781,7.307831468817376
E0764,16.748711705637398,16.96192226686517,0.3820660600179502,85.53926533739059,7.651190393082532
E0765,16.599136399971442,13.542646094158103,0.5501004469420963,83.42016571715466,7.9515442320803125
E0766,20.358811566422574,26.916946655446438,0.5824673694954984,87.07007090953725,7.830311771621123
E0767,17.717662917747813,20.639824834654732,0.7377191322458396,91.00952804700235,8.869128571931872
E0768,17.871806647573564,18.981538183211775,0.4501754355796838,92.27990454101118,8.56331593720162
E0769,24.030804255255912,13.329581596425115,0.49207248086720823,90.5749762265427,8.736103540737092
E0770,18.2488943371592,18.199649886504478,0.6864009411052541,76.96688794820166,8.761794313775331
E0771,18.087443233607846,21.461293030591953,0.5205307998892418,82.45574353062831,9.198527590842003
E0772,18.595047876428364,21.334580620148813,0.5834659984325669,83.87969349147247,8.204271429502542
E0773,21.644126715019432,20.362276070567688,0.6017333801249091,90.15966746969684,8.588158837813475
E0774,19.884464901817314,23.230156519155035,0.6914811391783345,76.60476329016485,7.693420089742041
E0775,18.01530853581939,13.566807684710554,0.6508674986032932,81.93261603889374,7.895618843890945
E0776,15.167140987192663,15.692644776739032,0.5454930068907099,89.99129599046618,8.482265431044976
E0777,18.071156151230596,18.942496386049356,0.40819209126132616,91.73147025084194,7.696081913633039
E0778,17.424526039631566,19.44791115904013,0.5412772893059269,87.74602682404212,7.663023096466621
E0779,11.49112596866405,17.402704389205194,0.6313884282551061,96.10714390749067,8.245505199666281
E0780,12.376906860818483,22.59353837861066,0.6904436253312048,71.51501082752637,9.38232602151249
E0781,11.616851406746399,12.872212693315905,0.6231646098816547,87.37938580172325,6.747299282235223
E0782,21.243544725376218,15.957067405560158,0.382504060994557,85.59173252519246,7.57552849232532
E0783,18.855013675282926,23.811754664149554,0.5638845422853902,79.98958967616574,8.343426516276391
E0784,9.948633838402161,21.677050102471078,0.42554796701990527,82.63990722145181,8.287406977636827
E0785,18.401094758282348,14.446883315086104,0.49748322410421075,87.44340816310162,6.7267104357954395
E0786,17.19149581443054,21.47058482845643,0.42916799260832383,93.2836490871132,7.334257173875051
E0787,16.23121867453918,20.096686744025497,0.7378186603063794,87.51415091098416,6.990441962590545
E0788,14.766433885239891,15.007234995070325,0.5297486744440107,89.91448462815431,7.958991862706993
E0789,13.19292417036732,20.0787284634031,0.7547568842770216,80.42664413023984,9.182206826591964
E0790,19.587884023792373,21.67898382996608,0.3583748227109121,83.33183629456025,7.998576161925563
E0791,15.269195984308954,16.014703012302057,0.4638196836575432,85.7639468874574,7.809117889565694
E0792,16.603197955129907,20.559015767757373,0.6374797596541918,86.85848034296126,10
E0793,18.76048430176398,15.292799655150128,0.49145029890098835,89.175199873261,7.454377581101684
E0794,18.605000830992804,20.58918062296622,0.7684384777012788,84.88664907009199,8.102440479592973
E0795,15.81977018909824,16.05087483713219,0.47830195429451616,90.60005035172746,7.698733591212472
E0796,15.378171748371916,17.872763547237252,0.3127341724681213,87.5859380958926,7.1834464723592495
E0797,17.778352745703746,15.874793846500316,0.539876975338279,77.86506634202719,8.545271946581362
E0798,13.465163716973422,21.09300207229051,0.5062859871301476,88.15442928993015,7.529465740250156
E0799,17.918415435646015,18.566653589741918,0.5347839967172047,75.75048296332201,8.765395453438817
E0800,17.52044368736106,20.49563019141788,0.45916585008383626,82.18443033586865,7.632767535676083
